{
  "project_info": {
    "project_number": "963210334123",
    "firebase_url": "https://shredded-a3018.firebaseio.com",
    "project_id": "shredded-a3018",
    "storage_bucket": "shredded-a3018.appspot.com"
  },
  "client": [
    {
      "client_info": {
        "mobilesdk_app_id": "1:963210334123:android:b7e8ca5f12b33cb9",
        "android_client_info": {
          "package_name": "com.example.a20076515.shreededapp"
        }
      },
      "oauth_client": [
        {
          "client_id": "963210334123-d2p5b32ijm6qml703mgni07nt5cbt1kb.apps.googleusercontent.com",
          "client_type": 3
        }
      ],
      "api_key": [
        {
          "current_key": "AIzaSyBeKqyWUTjCImWMf1UrnUPqSyLg_B6LO7M"
        }
      ],
      "services": {
        "analytics_service": {
          "status": 1
        },
        "appinvite_service": {
          "status": 1,
          "other_platform_oauth_client": []
        },
        "ads_service": {
          "status": 2
        }
      }
    }
  ],
  "configuration_version": "1"
}